{"H":14,"h":0.05,"kappa":[2.0e-8,2.0e-8,2.0e-8,2.0e-8,2.0e-8,2.0e-8,2.0e-8,2.0e-8,2.0e-8,2.0e-8,2.0e-8,2.0e-8,2.0e-8,2.0e-8],"q":[[0.0,0.0,0.0,-0.10000001,0.0],[0.0,0.0,0.0,-0.10000001,0.0],[0.01684521808491245,-0.00712070487043826,0.09491756756381574,-0.08268517134681622,-0.016802859994833583],[0.03864622368231135,-0.015140850432946116,0.20999124265439495,-0.05907113849207177,-0.03638907399763008],[0.06146107798202023,-0.022086712481635698,0.32519759459150965,-0.03310065973739653,-0.054620665521117426],[0.08412987394404536,-0.027256182979179873,0.43684727636928455,-0.006123274016767883,-0.07032678537151918],[0.10826709359875132,-0.029293007020817326,0.543249985605487,0.023106461127749427,-0.0817182073424208],[0.1367815620570759,-0.025264782348156087,0.6390088855398767,0.057029972170430314,-0.0856008332554598],[0.17048595895207025,-0.0135545399103943,0.7249796521051299,0.0962145627780049,-0.0805211373860692],[0.2092719078891112,0.006836789277405777,0.8015295500923221,0.14034282877131748,-0.0656170278606721],[0.2525581362046942,0.036369452570025024,0.8686214304793648,0.18864388254569192,-0.04054444207179553],[0.299481682143261,0.07490685285210774,0.9266509790253626,0.240137201348021,-0.005585474267844227],[0.34902339916979547,0.12173044103193897,0.9766972011749937,0.2937806903649192,0.038369618473200355],[0.40007830985314036,0.17559257567941183,1.0204523467292534,0.34853524295265015,0.08989486947298539]],"u":[[4.000001380956597,-3.5680824723893725],[1.5670506320930127,-0.6363124632089168],[0.7055164153121574,0.23828697807212684],[0.41680027968279454,0.49931966875772105],[0.7044771116698039,0.9134192902228895],[1.2555696905513276,1.6587026351820113],[1.3804636688091447,2.0251352795353803],[1.303913994942345,2.25107613141269],[1.1254183335866692,2.3536451951302944],[0.8998341049840466,2.3123200685159837],[0.6601469325858851,2.1329553006531263],[0.42089718423878963,1.832487659737028],[0.18693613283061694,1.4169087886664755],[-0.016376452890412452,0.8558876226254739]],"w":[[],[],[],[],[],[],[],[],[],[],[],[],[],[]],"gamma":[[0.5149494816305181],[0.2838617799844244],[0.21152326993840942],[0.19274573219375107],[0.2435326402939168],[0.3479040565585584],[0.3999864763331007],[0.42484850523406975],[0.43212339781490466],[0.4248687079577729],[0.40535522155087134],[0.375342376920156],[0.3352926228862954],[0.2834384735302146]],"b":[[-0.05988149372574188,-0.013169243138932576,-0.026300963149656163,0.055384852693302275,-0.060823112155496614,-0.007731208270049186,-0.053123719590697165,0.03061197472957021,0.25747383131493234],[-0.06099249947618481,-0.006256009603708667,-0.03143973348599978,0.0526380643038925,-0.06030292790291762,-0.011080592975536374,-0.055360880666048294,0.026351386050295387,0.14193086069942698],[-0.06127431315605852,-0.0021636036942629952,-0.035927691149851386,0.049683233190667746,-0.05941661958889202,-0.015129043814890693,-0.05733163738499754,0.021732602384553983,0.10576157971860946],[-0.061287580750462436,-0.0017478792765708716,-0.04006840375307062,0.04640846551066442,-0.057966786368049195,-0.0199768448057195,-0.05901728237420513,0.016618755453932123,0.09637284994842332],[-0.06049535666268904,-0.009976668725200847,-0.04762447812936214,0.038615172120811385,-0.05584698049006234,-0.025304885667396936,-0.060671937756341776,0.008839597067057572,0.08808931332060045],[-0.05698316841019623,-0.022630518128707162,-0.05781535351088144,0.020410964033532392,-0.05323192819295261,-0.03042341306455488,-0.061239084732212574,-0.0029994821637828475,0.06297174990040066],[-0.053106918465070395,-0.03064111205371965,-0.061307390239557884,0.0007915325449256855,-0.050407845763343055,-0.034903748403299656,-0.05962703262903836,-0.014277239835357806,0.04351052967032237],[-0.04968600839221184,-0.035923852801753746,-0.05954362188401523,-0.014621208273366068,-0.047679620006162354,-0.038547068220438796,-0.056638626671420174,-0.0234795359150649,0.027352511964903015],[-0.04672477447740049,-0.03969909412239181,-0.05579622122258852,-0.02541661510283548,-0.04517980902946466,-0.041448853750259945,-0.0531543849967628,-0.030558697319891595,0.01540539242880691],[-0.044153050041862756,-0.04254093087832063,-0.05181620742648433,-0.03277656594671915,-0.04293310118085503,-0.043771811050166316,-0.04973238820846661,-0.03585961778326553,0.007804961125759263],[-0.04191198110533054,-0.04475051391658092,-0.04826080266602322,-0.037816895456949176,-0.04092253005325963,-0.04565708258255137,-0.04665415408808634,-0.039782063323418576,0.003874057539780341],[-0.03995525389310351,-0.046505917282505756,-0.0453156806887682,-0.041300263191202675,-0.0391180060581164,-0.04721233162961383,-0.0440316562960461,-0.04266656653278289,0.0028013843080208975],[-0.03824590583733863,-0.047921533178443644,-0.04303016536867917,-0.04367639549975498,-0.037481889677891456,-0.048521444757390106,-0.041910871674770915,-0.04475155293978387,0.004266065692838164],[-0.036753811970157625,-0.04907524793212605,-0.04157736175382415,-0.04506157613716323,-0.035940159287810504,-0.04967421467482359,-0.040411261655088945,-0.046110222125500915,0.010029176178158884]],