{"H":14,"h":0.05,"kappa":[2.0e-8,2.0e-8,2.0e-8,2.0e-8,2.0e-8,2.0e-8,2.0e-8,2.0e-8,2.0e-8,2.0e-8,2.0e-8,2.0e-8,2.0e-8,2.0e-8],"q":[[0.0,-0.10000001,0.0],[0.0,-0.10000001,0.0],[0.17032741465877096,-0.09851033221152139,-0.017198185403698163],[0.17032741466180815,-0.09773063526593763,-0.02794654026446353],[0.17032741441675409,-0.09752439870608404,-0.034002100616965056],[0.17032741440973698,-0.09783975248470018,-0.03665501364449497],[0.17032741440973698,-0.09872622898725497,-0.036854035081787306],[0.17032741443320798,-0.10018923571074827,-0.035295292166555685],[0.17032741443320798,-0.10211065966517177,-0.032490453159828674],[0.17032741443320798,-0.1044182160112603,-0.028814888403206184],[0.17032741461669829,-0.1070605635942467,-0.02454115633510736],[0.17032741500747056,-0.10990663279922287,-0.01984519119091667],[0.17032741565628756,-0.11287335175584315,-0.014753641283887023],[0.17032741619494216,-0.1163211657274165,-0.009139411590301526]],"u":[[2.2590584293814344,-4.0319581194053775],[-0.14199608134384967,1.2899660822061358],[-0.1146913886175378,0.9385586925654898],[-0.10431800812472636,0.6805294469838787],[-0.11422454478772881,0.4907783180475167],[-0.11530561482297141,0.3515531834921515],[-0.0916834461860403,0.24921921829907734],[-0.07722647833300611,0.1741451499790957],[-0.06695809556539123,0.11963358164134108],[-0.04074427037740369,0.08444665462525602],[-0.02412989250649389,0.07911698902662334],[-0.0962189615260578,0.1045359788280768],[-0.07440751395445577,0.029748540816955382],[-0.03937386144506422,0.0012283487164686392]],"w":[[0.0],[-0.0],[0.0],[0.0],[0.0],[0.0],[-0.0],[-0.0],[0.0],[0.0],[-0.0],[-0.0],[0.0],[0.0]],"gamma":[[1.8323427021507204],[8.152135014630348e-8],[6.437957081101335e-7],[5.586805082076868e-8],[5.910595905940508e-18],[4.795916658999625e-7],[2.1313466535286332e-19],[3.9492911165731753e-20],[1.725262871069199e-7],[5.957352550642133e-8],[6.274188397483311e-8],[4.463160596580533e-8],[1.0776027394312401e-8],[7.295071258227662e-20]],"b":[[0.10015183707912619,-0.07075662613318229,0.07075662613317979,0.1001518370791287,-0.07075662613318277,-0.10015183707912415,-0.10015183707912648,0.07075662613318055,0.9161699536677532],[0.0490081322672148,-0.01367984754753156,0.04977896323607875,0.047910721356307334,-0.008606033418283698,-0.001974603812820045,-0.010069657661955517,0.052008826060049196,4.074496182794276e-8],[0.02054337026838941,0.016737420715828837,0.024343442791080923,0.020325865702515458,0.020694600733476676,0.027472315255361045,0.021700283142963486,0.02484203776055553,3.214012137263579e-7],[0.02080473089792851,0.018417733017016276,0.02340710471357365,0.021598865220045057,0.021529530626575217,0.02536409964414027,0.02144191124029856,0.022771566084805336,2.7408873168731762e-8],[0.01763774313347452,0.01705724357694552,0.017500827740612783,0.01675528722643243,0.017446016333924185,0.018010102739405634,0.01763731161775978,0.01877793888825864,4.430405830613618e-18],[0.01751218142356226,0.01785246295174948,0.017931831547617003,0.01729665783895426,0.01735330325682244,0.017645582236266368,0.017992286946677368,0.018447178115437723,-2.2727615704523594e-7],[0.01709081671762725,0.01654487141162228,0.016657336796089186,0.015062297646716686,0.016143430524048655,0.016752562069242447,0.017317627424872802,0.01874447220721134,-1.0677909091324524e-19],[0.017816374717592055,0.017003257663907423,0.01841244136287518,0.01652239986593231,0.017153712530197596,0.01842678714235087,0.018535108320160205,0.019457402068821492,-1.971998580326418e-20],[0.018337581372417828,0.017496466329967385,0.020057346172017085,0.01807640466054384,0.018107910206029556,0.01988713822796341,0.019594235585420738,0.0198886232390568,-8.362192363433571e-8],[0.018366370233069647,0.017478116125859876,0.02102728869744635,0.018983317153219766,0.018513071305323613,0.020694076523956332,0.020155971272813926,0.019918410951688184,-2.8657088851462524e-8],[0.01868655441352555,0.017987498623434288,0.022449433134215577,0.02029374836571288,0.01924136826961968,0.021849757251972125,0.021085516757937114,0.020377420721896296,-2.533719744249185e-8],[0.019497945728060528,0.0191222094270275,0.0242988649245908,0.021943747303605605,0.020345541109380676,0.023357952428457205,0.022430480814429558,0.021321413502663523,-1.3260912298477709e-8],[0.020414998370275373,0.0203811036912282,0.02557758745990383,0.023320454707274906,0.021358072861808935,0.02440830255789561,0.023519055059987526,0.02209497735278958,-2.135111808513533e-9],[0.02150275600369399,0.02145543488710331,0.026457144143237396,0.024892023874555528,0.022690778614531868,0.025566624064935133,0.02429791807065843,0.022600313912107022,3.284436427427554e-19]],