{"h":0.05,"goal_pose":[0.5,0.2,1.1],"nominal":{"q":[[0.0,0.0,0.0,-0.10000001,0.025,-0.10000001,-0.025],[0.0,0.0,0.0,-0.10000001,0.025,-0.10000001,-0.025],[0.011878592840993931,-0.003494995187760029,0.06127651257930098,-0.0894992253108239,0.015518135177829085,-0.08640540023697363,-0.03452888534349811],[0.034619218138750456,-0.003537113780744574,0.13358156252853703,-0.06846336653510578,0.008051167078764973,-0.061173865303987156,-0.04153177008688605],[0.06225134501971648,-5.983331707496318e-5,0.20386002680731932,-0.04152499971890014,0.004249807223681335,-0.030648535111028146,-0.04463282611621036],[0.09187261469364556,0.006418664604207376,0.2705727512646074,-0.011890649439941664,0.003843600895221087,0.0021373200613357224,-0.04419970269468546],[0.12165092608224408,0.015223574094151688,0.33414452183163407,0.018647285779239946,0.006223634511909456,0.03529760919792254,-0.040950068692158656],[0.15109666516988238,0.025259880917622927,0.39380253951472527,0.04902581152777076,0.010295230788814731,0.06823065814883589,-0.035925054568719125],[0.17992251563165437,0.03578191679735284,0.44959751237456064,0.07880321345725869,0.015235098292226851,0.10058204977214674,-0.029896897204474585],[0.20769687345537885,0.04651304619247581,0.5022285490255696,0.10775003035583904,0.02076336255375021,0.1319061436060881,-0.02322085392407372],[0.23423007239845198,0.05732447565663554,0.5517078627536727,0.13569654873876394,0.02663468126214048,0.1620170269983306,-0.01613103528335914],[0.25949080317610945,0.06805779832287086,0.5987273204197369,0.1625255295013299,0.03274591588255652,0.19079571998654152,-0.008689571863742468],[0.28347727082471336,0.07866278812437034,0.6433245209588295,0.18819878245995555,0.0390416184845992,0.21825824091253193,-0.0010524129696758068],[0.3062222433539649,0.0891141936262262,0.6857124021415548,0.2127235720251932,0.04547249223332361,0.24442652038242885,0.006723086415109233],[0.3277752857670434,0.09940243903544374,0.7261857398079316,0.2361335878834895,0.051996910691458766,0.2693512385030586,0.014592668301223103],[0.34819882969649973,0.10952543650514363,0.7648819128378994,0.2584735282234035,0.05859567976137143,0.2930874207640951,0.022531531088394074],[0.3675439464483305,0.11950427120635236,0.801986199817112,0.27981500436683643,0.06523729396895026,0.3156860180321796,0.030537022733530116],[0.3858889288380624,0.12933035190528513,0.8376681487394846,0.3001643100372571,0.07195694848805427,0.3372541415206206,0.0385550726733693],[0.40329009767958635,0.13901003458399547,0.8723254992747526,0.3196171382782828,0.07869047262253687,0.35781913210854543,0.04661310696586605],[0.4197734459624648,0.14854855973488715,0.9059717549049167,0.33818875331472914,0.08543916477267104,0.3774402781376765,0.05467127967289257],[0.4353594241104932,0.15793114283467494,0.9388565331195572,0.3559301653362584,0.09214683813256247,0.39612546881941907,0.06272025764189201],[0.4500488193978159,0.1671177607929698,0.9711069589332327,0.3727933598252395,0.09879876039953184,0.4139118628233329,0.070686822986775],[0.46379944317648597,0.17604209853108266,1.0029043838724918,0.3887662358507131,0.10529437813342947,0.43074506685734487,0.07851194696885834],[0.4765059782287346,0.18459494184208028,1.034391877425341,0.40374845000149695,0.11151342269473756,0.4465384154216961,0.08607253386560158],[0.4879878577931257,0.19259567508676997,1.0657812260777615,0.41757108577289903,0.1172604667928142,0.46113096042052903,0.09317915977572631],[0.4979481879513553,0.19976610049074278,1.097532714620602,0.42997028219726063,0.12222737457649796,0.47427725837235957,0.09953872411203908]],"u":[[1.0549266048555435,-1.1049632273576613,2.0000228627962975,-0.9578205453050079],[1.0533793899388812,0.20271822998258637,1.8422816354029266,0.32243437284832577],[0.5868377043608046,0.3850609753573911,1.0997020917350602,0.5018258606779177],[0.2652444184135603,0.3564604981431123,0.7365200597754558,0.4987963482814173],[0.08486013636775103,0.29568940972355023,0.5056605231743624,0.44720308913559137],[0.04137863012648979,0.19293301860693482,0.36831085258168905,0.33369257882534853],[0.05695833662496819,0.12400770284347028,0.26491209988854897,0.23830598782885104],[0.06499622870282584,0.10587194920334854,0.17803535824877628,0.19606382333401173],[0.06725687821384962,0.11383248010690256,0.13354505842545672,0.14593662293268284],[0.08749694631463112,0.11802970009472352,0.08642891366304789,0.12876533089492104],[0.10529182005812165,0.13422568505427696,0.06371606973426236,0.09693433987643374],[0.12707843610507874,0.1472146160563505,0.04270937975180511,0.07919785875646124],[0.1489066281054665,0.15985618655243028,0.027313579707472502,0.06420849255247363],[0.16816822234850992,0.1771733804624993,0.016133788993437648,0.048902138582390564],[0.1825789247380647,0.19682747158704486,0.011452074588131245,0.03318365782742294],[0.1970971948415614,0.21376457784671055,0.006285523797093795,0.02080787743951995],[0.20355410711613597,0.2319822342071759,0.009378484156679967,0.005717303696984866],[0.21324327242974217,0.24324648457261525,0.0034203595621642435,-0.0022525857364700252],[0.2135770847063636,0.25647523224064717,0.00481448819960173,-0.015274943831311893],[0.21263434304947815,0.26262255734861195,-4.5110730698461055e-5,-0.024214895177842255],[0.20086079044907645,0.2652635249191748,-0.000784558037042693,-0.03760139372201088],[0.18179813081711593,0.2562809256109606,-0.008023074105624417,-0.048864041947437854],[0.1493948245917327,0.23080800636060417,-0.018421224653842216,-0.05987112244472348],[0.09744110974274456,0.17288525487079953,-0.03142892219591786,-0.06311628852911833]],"gamma":[[1.7573163087227456e-8,0.6342957192993526],[2.0631021901689487e-8,0.6818818051432075],[3.09176673584326e-9,0.581518247094267],[7.374205458810695e-9,0.5310870670278857],[6.568679734121931e-9,0.4970182323934976],[0.06291338800204414,0.4201627736580198],[0.12380652748711975,0.3487311699238964],[0.15524398728294508,0.3064550439716562],[0.18638278970556305,0.2696224511382368],[0.21751792128546554,0.23426698232412635],[0.24587935360458957,0.20298245770649495],[0.2714393732081257,0.1750796675715019],[0.2940128864688341,0.1504106931257848],[0.3153223824091986,0.12719702282817363],[0.33294610582903816,0.1079259405445583],[0.3509096583640743,0.08812402311029573],[0.3640524254815336,0.0729404864596433],[0.37534718995186234,0.05937328591053983],[0.3837081289682114,0.04830046472466564],[0.38994379192547374,0.038545514958965285],[0.39151418069560484,0.032281886088665446],[0.386360975153902,0.03101369311815624],[0.3704772704961503,0.03772708888164432],[0.3315986913800877,0.06292605094760619]],"w":[[-0.0],[0.0],[-0.0],[0.0],[-0.0],[-0.0],[0.0],[0.0],[0.0],[0.0],[0.0],[-0.0],[-0.0],[-0.0],[0.0],[-0.0],[-0.0],[0.0],[-0.0],[-0.0],[0.0],[-0.0],[-0.0],[0.0],[-0.0]],"control_effort":17.1375101357701,"pose_error":[-0.0020518120486446856,-0.00023389950925722935],"pose_error_norm":0.0020651008845560728,"theta_error":-0.0024672853793981098},"closed_loop":{"available":true,