{"h":0.05,"goal_pose":[0.5,0.2,1.1],"nominal":{"q":[[0.0,0.0,0.0,-0.10000001,0.0],[0.0,0.0,0.0,-0.10000001,0.0],[0.011527518205400107,-0.005202845721016829,0.06181880282813651,-0.08828121964824462,-0.011384782061765695],[0.029522052885964815,-0.01072789468817353,0.13494613967775979,-0.06956740740554697,-0.024192005736360423],[0.05161179767777985,-0.014985048851313805,0.20689946109766572,-0.0462520482224028,-0.03554403826560494],[0.07633643212613249,-0.01743959620846241,0.2751296841416713,-0.019896622980740773,-0.04462790067971472],[0.10267341007997961,-0.01792207462649853,0.3392895731828587,0.008383010893118497,-0.051228614354569525],[0.1298672456339745,-0.01642426657556943,0.39953135266666756,0.03775451996559155,-0.0553504883217558],[0.15734893800930352,-0.013022874361511073,0.4561221292414269,0.06758667001613859,-0.05709939927646947],[0.18468923691789726,-0.007842582752421246,0.5093498914740443,0.0974002874743557,-0.05663442617505186],[0.21156764723950294,-0.0010344413336373392,0.5594977531332846,0.12683530636725077,-0.05414221029020368],[0.2377499858918361,0.007238236440939299,0.6068363050862228,0.15562665869073145,-0.049821064536060916],[0.2630710988491281,0.016809537369110467,0.6516216714417884,0.18358556926400427,-0.04387040361255294],[0.2874209362238444,0.02751760864430305,0.6940956972277926,0.21058443466238974,-0.036483614863415774],[0.31073296986450744,0.03920907535882358,0.7344870146979843,0.236544242750724,-0.027843421031079767],[0.33297434489238714,0.05174165239335918,0.7730124580954584,0.2614238992819567,-0.018119196092184948],[0.35413738291383795,0.0649852158134098,0.8098785707118153,0.28521105303135624,-0.007465908280001854],[0.3742321767646506,0.07882149087960576,0.8452830716338067,0.30791413464967243,0.003975505396850716],[0.3932800794893384,0.09314243006150294,0.8794162122452843,0.3295553898821616,0.016076431625740104],[0.41130791999501326,0.10784727351515913,0.9124619854285533,0.3501647203741153,0.028717549256092777],[0.428342791793365,0.12283819233566245,0.9445991771735801,0.3697741626854384,0.04178438449045563],[0.44440727541478375,0.13801429697554976,0.9760023550045164,0.38841286069396935,0.055161236706597415],[0.45951500489356695,0.15326361746652287,1.006843510506558,0.4061024920723835,0.06872304972595394],[0.47366673076738885,0.16845231394675916,1.0372984929924653,0.4228536564161111,0.08232429461429669],[0.4868482763979013,0.1834093944986085,1.0675799760035132,0.4386665690738948,0.09578218651092935],[0.4990386674929245,0.19790167901245528,1.0981107380403892,0.4535547258044024,0.10884430321836605]],"u":[[2.775620111940004,-2.456033126067042],[1.7461290750682337,-0.3513055937397589],[1.2307273913594525,0.2753801602315593],[0.8953344122333778,0.4680417715656806],[0.6547589766563298,0.5327375206129878],[0.47414508275455347,0.5492117605053617],[0.33596003376675476,0.5426374722082543],[0.22980471062630858,0.5235250272979743],[0.1486988858602416,0.4975019781424047],[0.08754261122182516,0.46806983139161],[0.04238707750163506,0.4375610642477246],[0.010047606379306906,0.40755190270738306],[-0.012119028883073923,0.3790730365136371],[-0.026350619701612565,0.35272969647334995],[-0.03456767533596938,0.32877393560752566],[-0.03843500020602164,0.3071472751965081],[-0.039408867531409264,0.2875010756477363],[-0.03877657374792953,0.2691964198064105],[-0.03769133958163273,0.2512815707001639],[-0.03720063041038024,0.2324405288523681],[-0.03824993479812733,0.2108940172728686],[-0.04156647738591168,0.18418545833535305],[-0.04693081428317569,0.14857482141982725],[-0.049157441439927396,0.09679890747820075]],"gamma":[[0.419973857185557],[0.3349794505023418],[0.3005809982303563],[0.2804292218768696],[0.26654692134241736],[0.2564153945860785],[0.24887598224301336],[0.24324332743510832],[0.2390579821603575],[0.2359907863128878],[0.23379511435422626],[0.2322789295574701],[0.23128713331340103],[0.23068933362731092],[0.23037071917156055],[0.2302245337655845],[0.23014514368458583],[0.23002091103640993],[0.22972611974281051],[0.22911101104426548],[0.22798829203286322],[0.2261120089950826],[0.22313475334456118],[0.21848443060409758]],"w":[[0.0],[0.0],[0.0],[0.0],[0.0],[0.0],[0.0],[0.0],[0.0],[0.0],[0.0],[0.0],[0.0],[0.0],[0.0],[0.0],[0.0],[0.0],[0.0],[0.0],[0.0],[0.0],[0.0],[0.0],[0.0]],"control_effort":23.218636912482843,"pose_error":[-0.0009613325070754741,-0.0020983209875447273],"pose_error_norm":0.002308053542691481,"theta_error":-0.0018892619596109217},"closed_loop":{"available":true,"q":[[0.0,0.0,0.0,-0.10000001,0.0],[0.0,0.0,0.0,-0.10000001,0.0],[0.011519155834604064,-0.004512215399574299,0.07070517542713128,-0.0882305781954675,-0.011582724446069387],[0.02943633648265337,-0.007939652284804928,0.1596243345343556,-0.06928957514005989,-0.023851745917925552],[0.051638768084148155,-0.008542425709352134,0.2458665285242568,-0.045347044779375824,-0.03290947178463172],[0.07695698141843034,-0.0058209437573757674,0.3258873093924109,-0.017767987115336066,-0.03787061932033021],[0.10424613725097519,0.0010166900752308853,0.40785540577116247,0.012466908945313342,-0.038689422310897656],[0.13481600424316337,0.008546012920923874,0.436940814530252,0.04423046329201223,-0.033812720944423585],[0.165554107034764,0.017174459138851433,0.4926438921653915,0.0774686783072086,-0.030164339508368748],[0.1966706424207133,0.02635774974937584,0.526802919716217,0.11025365465866693,-0.02396230952823409],[0.22732708295360923,0.035086213944360886,0.5583150526570378,0.14253869843210826,-0.017932012948737475],[0.2571550648175138,0.04257755304616739,0.5823997985239994,0.17366819917922863,-0.012467391945803276],[0.2853033436858343,0.04882205170772375,0.5995481104408711,0.20351256685683067,-0.008728999557625305],[0.3107350087709055,0.05489139271477153,0.6514428040570074,0.23203989719385104,-0.006825179063552125],[0.3331829735336481,0.06246748934875821,0.7057876707418334,0.25795680121721315,-0.003433043515705653],[0.35229774121365903,0.07276951257658909,0.7733501845714212,0.2816936331067817,0.0019392747108648383],[0.37126438558138347,0.08384044506314949,0.7958377846884911,0.30227068190166545,0.011440636073570725],[0.39003392736596826,0.09468526942955208,0.823575112593999,0.3230745623216091,0.02039997362334047],[0.40712649385537175,0.10639965814305916,0.869804059339225,0.34367170724251095,0.029099231029027166],[0.4218683309846012,0.11974152788696296,0.9226178605789997,0.3625831033156481,0.03919883402344927],[0.4360175718352082,0.13353942660494283,0.9498137789133206,0.3789442900167058,0.05141449476362063],[0.4482719888915659,0.1482786472042234,0.999326065153346,0.3953334772910315,0.06342949736402816],[0.4612376695440568,0.16222334717321613,1.0047883929255041,0.40876340218535934,0.07708630029145527],[0.47562717585251324,0.1746180931537585,1.0057212883810067,0.42387586288034057,0.08902411647412224],[0.49067429600306617,0.185947242362101,1.0067201762028666,0.441757339623411,0.09856259713026297],[0.5052684822140424,0.19638946388456335,1.0837464289652328,0.4649421441207707,0.10458813527671838]],"u":[[2.775620111940004,-2.456033126067042],[1.7709163873237956,-0.14231537818404197],[1.3095291819674804,0.6978741432533606],[1.0194551481378336,0.9125786657491191],[0.7966044568849775,0.9686777178097492],[0.6084446298235566,1.2113479022846099],[0.5305999889585619,-0.15825099019633138],[0.1508077447553441,0.5908845243185428],[0.12551409898852664,0.023408264835633852],[-0.01055058994283642,-0.07831125639852182],[-0.051616576413560766,-0.31715723055253914],[-0.08403584190948721,-0.31416987862165],[-0.35591953569867496,0.40487842127556173],[-0.29952750423467034,0.5627106002454505],[-0.42425157749017206,0.9641885476658785],[0.2519705943043328,0.008811651660315833],[0.12170623091456356,0.1008866794947938],[-0.21013920369756228,0.47142119320538045],[-0.34807703739730494,0.6019311923051422],[0.11814010914886658,0.16056928253244007],[-0.4106977396153545,0.49200391905379015],[0.5508000652203175,-0.2147390146270609],[0.7628785846285591,-0.35366629460723076],[1.2268028031935063,-0.5839568298213895]],